{"cameraMode":{"drawMode":0,"name":"Shaded","section":"Shading Mode"},"sceneLighting":false,"audioPlay":false,"sceneViewState":{"m_AlwaysRefresh":true,"showFog":true,"showSkybox":false,"showFlares":true,"showImageEffects":true,"showParticleSystems":true,"showVisualEffectGraphs":true,"m_FxEnabled":true},"in2DMode":false,"pivot":{"x":16.08338165283203,"y":0.6565931439399719,"z":17.51251983642578},"rotation":{"x":0.21453221142292024,"y":-0.19023142755031587,"z":0.04264165833592415,"w":0.9570739269256592},"size":2.4125289916992189,"orthographic":false}