{"cameraMode":{"drawMode":0,"name":"Shaded","section":"Shading Mode"},"sceneLighting":false,"audioPlay":false,"sceneViewState":{"m_AlwaysRefresh":true,"showFog":true,"showSkybox":false,"showFlares":true,"showImageEffects":true,"showParticleSystems":true,"showVisualEffectGraphs":true,"m_FxEnabled":true},"in2DMode":false,"pivot":{"x":-0.9093177318572998,"y":0.3773813247680664,"z":7.131669521331787},"rotation":{"x":0.21453221142292024,"y":-0.19023142755031587,"z":0.04264165833592415,"w":0.9570739269256592},"size":3.9886934757232668,"orthographic":false}